{
    "Delta#6534": {
        "mage": 1000,
        "archer": 1000,
        "priest": 999.8526387209288,
        "nightwalker": 1000,
        "warrior": 1000
    },
    "Mesuu#5526": {
        "mage": 1000,
        "archer": 1000,
        "priest": 1000,
        "nightwalker": 1031.8526387209288,
        "warrior": 1000
    },
    "Ginko#5284": {
        "mage": 1000,
        "archer": 1000,
        "priest": 1000,
        "nightwalker": 1000,
        "warrior": 1000
    },
    "GreenBunny#5248": {
        "mage": 1000,
        "archer": 1000,
        "priest": 1000,
        "nightwalker": 1000,
        "warrior": 1000
    },
    "Fodrou#4867": {
        "mage": 1000,
        "archer": 1000,
        "priest": 1000,
        "nightwalker": 968.1473612790712,
        "warrior": 1000
    },
    "Kyo#3187": {
        "mage": 1016.0,
        "archer": 1015.8526387209288,
        "priest": 1000,
        "nightwalker": 1000,
        "warrior": 1000
    },
    "Spleef#8495": {
        "mage": 968.1473612790712,
        "archer": 1000,
        "priest": 1000,
        "nightwalker": 1000,
        "warrior": 1000
    },
    "Plaguu#7828": {
        "mage": 1000,
        "archer": 1000,
        "priest": 1000.1473612790712,
        "nightwalker": 1000,
        "warrior": 1000
    },
    "Hanjo#1111": {
        "mage": 1000,
        "archer": 1000,
        "priest": 1000,
        "nightwalker": 1000,
        "warrior": 1000
    },
    "realclapy#8524": {
        "mage": 1015.8526387209288,
        "archer": 1016.0,
        "priest": 1000,
        "nightwalker": 1000,
        "warrior": 1000
    },
    "ibo#1011": {
        "mage": 999.8526387209288,
        "archer": 1000,
        "priest": 1000,
        "nightwalker": 1000,
        "warrior": 1000
    },
    "Cover#7819": {
        "mage": 1000,
        "archer": 968.1473612790712,
        "priest": 1000,
        "nightwalker": 1000,
        "warrior": 1000
    },
    "Loak#3253": {
        "mage": 1016.0,
        "archer": 1000,
        "priest": 1000,
        "nightwalker": 1000,
        "warrior": 1000
    },
    "Resk#6449": {
        "mage": 984.1473612790712,
        "archer": 1000,
        "priest": 1000,
        "nightwalker": 1000,
        "warrior": 1000
    }
}